seed,fix_accuracy,fix_corruption_rate,validator_mean_ms,validator_p95_ms
42,1.0,0.0,0.009,0.011
7,0.925,0.0,0.0229,0.0148
123,0.975,0.0,0.0155,0.0286
mean,0.9666666666666667,0.0,0.015799999999999998,0.018133333333333335
